gripper_x,gripper_y,gripper_z,object_x,object_y,object_z,cam_x,cam_y,distance
0.14502043,7.604831e-07,0.444156,0.40096632,0.0010993523,0.24967185,0.04346013814210892,-0.0011000708909705281,0.32145542
0.14502043,7.604831e-07,0.444156,0.40193263,0.0021987036,0.2493437,0.04391136020421982,-0.00219942769035697,0.32242912
0.14502043,7.604831e-07,0.444156,0.40289894,0.003298055,0.24901554,0.04436261206865311,-0.0032987843733280897,0.32340685
0.14502043,7.604831e-07,0.444156,0.40386525,0.0043974062,0.24868739,0.04481383413076401,-0.004398140590637922,0.32438856
0.14502043,7.604831e-07,0.444156,0.40483156,0.0054967576,0.24835923,0.045265085995197296,-0.005497497506439686,0.32537425
0.14502043,7.604831e-07,0.444156,0.40579787,0.006596109,0.24803108,0.045716315507888794,-0.006596853956580162,0.32636383
0.14502043,7.604831e-07,0.444156,0.40676418,0.00769546,0.24770293,0.04616756737232208,-0.007696210406720638,0.32735732
0.14502043,7.604831e-07,0.444156,0.4077305,0.0087948125,0.24737477,0.04661878943443298,-0.008795567788183689,0.32835463
0.14502043,7.604831e-07,0.444156,0.4086968,0.009894164,0.24704662,0.04707004129886627,-0.009894926100969315,0.32935575
0.14502043,7.604831e-07,0.444156,0.4096631,0.010993516,0.24671847,0.04752127826213837,-0.01099428255110979,0.33036065
0.14502043,7.604831e-07,0.444156,0.41062942,0.012092868,0.24639031,0.04797252267599106,-0.012093639932572842,0.3313693
0.14502043,7.604831e-07,0.444156,0.41159573,0.01319222,0.24606216,0.04842375963926315,-0.013192996382713318,0.33238167
0.14502043,7.604831e-07,0.444156,0.41256204,0.014291571,0.245734,0.04887499660253525,-0.014292353764176369,0.3333977
0.14502043,7.604831e-07,0.444156,0.41352835,0.015390923,0.24540585,0.04932623356580734,-0.015391710214316845,0.33441737
0.14502043,7.604831e-07,0.444156,0.41449466,0.016490273,0.2450777,0.04977747052907944,-0.016491064801812172,0.33544067
0.14502043,7.604831e-07,0.444156,0.41546097,0.017589625,0.24474955,0.05022871494293213,-0.017590422183275223,0.3364675
0.14502043,7.604831e-07,0.444156,0.41642728,0.018688977,0.2444214,0.05067993700504303,-0.018689779564738274,0.33749792
0.14502043,7.604831e-07,0.444156,0.4173936,0.019788329,0.24409324,0.05113118886947632,-0.019789136946201324,0.33853182
0.14502043,7.604831e-07,0.444156,0.4183599,0.02088768,0.24376509,0.05158241093158722,-0.020888492465019226,0.3395692
0.14502043,7.604831e-07,0.444156,0.41932622,0.021987032,0.24343693,0.05203366279602051,-0.021987851709127426,0.34061003
0.14502043,7.604831e-07,0.444156,0.42029253,0.023086384,0.24310878,0.0524849072098732,-0.023087207227945328,0.3416543
0.14502043,7.604831e-07,0.444156,0.42125884,0.024185736,0.24278063,0.052936144173145294,-0.02418656460940838,0.34270194
0.14502043,7.604831e-07,0.444156,0.42222515,0.025285088,0.24245247,0.05338738113641739,-0.02528592012822628,0.34375292
0.14502043,7.604831e-07,0.444156,0.42319146,0.02638444,0.24212432,0.053838618099689484,-0.02638527937233448,0.34480724
0.14502043,7.604831e-07,0.444156,0.42415777,0.027483791,0.24179617,0.05428985506296158,-0.02748463675379753,0.34586483
0.14508638,0.00015521451,0.4445315,0.42512408,0.028583143,0.24146801,0.05416855216026306,-0.028513692319393158,0.3470793
0.14518039,0.00046988117,0.44541124,0.4260904,0.029682495,0.24113986,0.05325953662395477,-0.029436787590384483,0.34855503
0.1452741,0.00078541803,0.4463035,0.4270567,0.030781846,0.2408117,0.05230749398469925,-0.030360760167241096,0.35004014
0.14536788,0.001101484,0.44719595,0.428023,0.0318812,0.24048355,0.05135131627321243,-0.0312897190451622,0.35152712
0.14546184,0.0014178061,0.4480881,0.42898932,0.03298055,0.2401554,0.050391875207424164,-0.032223742455244064,0.35301566
0.14555581,0.0017345175,0.44898048,0.42995563,0.034079902,0.23982725,0.04942796379327774,-0.033162809908390045,0.35450605
0.14564997,0.002051603,0.44987276,0.43092194,0.035179254,0.23949909,0.048460453748703,-0.03410688787698746,0.35599804
0.1457442,0.0023691016,0.45076483,0.43188825,0.036278605,0.23917094,0.047489605844020844,-0.035055726766586304,0.35749158
0.1458385,0.0026869867,0.45165637,0.43285456,0.037377957,0.23884279,0.04651692509651184,-0.03600950166583061,0.3589865
0.14593269,0.0030053027,0.45254764,0.43382087,0.03847731,0.23851463,0.04554238170385361,-0.03696812689304352,0.360483
0.14602692,0.0033241264,0.45343816,0.43478718,0.03957666,0.23818648,0.04456641525030136,-0.037931427359580994,0.3619807
0.14612114,0.0036431602,0.45432845,0.4357535,0.040676013,0.23785833,0.04358705133199692,-0.03889962658286095,0.3634799
0.1464882,0.003976577,0.4542337,0.4367198,0.041775364,0.23753017,0.04382157325744629,-0.0397912971675396,0.36417517
0.14666139,0.004292746,0.45452833,0.43768612,0.042874716,0.23720202,0.04435187578201294,-0.04079444706439972,0.36525974
0.1470549,0.004629336,0.45435384,0.43865243,0.043974068,0.23687387,0.04469713568687439,-0.041685231029987335,0.36588886
0.14724185,0.0049481075,0.45456836,0.43961874,0.04507342,0.23654571,0.045416995882987976,-0.04268696904182434,0.36691707
0.14764984,0.005288165,0.4543433,0.44058505,0.04617277,0.23621756,0.045834288001060486,-0.04357384890317917,0.367507
0.14784737,0.0056096357,0.45449457,0.44155136,0.047272123,0.2358894,0.04670516401529312,-0.04457320645451546,0.36849153
0.14826657,0.0059533473,0.45422772,0.44251767,0.048371475,0.23556125,0.04718328267335892,-0.04545597359538078,0.36905017
0.14847256,0.006277653,0.45432967,0.44348398,0.049470827,0.2352331,0.048170968890190125,-0.046452753245830536,0.37000093
0.14889967,0.0066247974,0.4540298,0.4444503,0.05057018,0.23490494,0.04869920015335083,-0.047331102192401886,0.37053618
0.14911212,0.0069519463,0.4540935,0.4454166,0.05166953,0.23457679,0.049776509404182434,-0.048325467854738235,0.3714614
0.14954473,0.007302639,0.45376775,0.4463829,0.052768882,0.23424864,0.05034551024436951,-0.04919916391372681,0.37197945
0.14976202,0.0076324344,0.453802,0.44734922,0.053868234,0.23392048,0.051492780447006226,-0.05019104480743408,0.37288573
0.15019795,0.007986711,0.45345584,0.44831553,0.054967586,0.23359233,0.052095599472522736,-0.05106007307767868,0.37339157
0.15041885,0.008319384,0.45346674,0.44928184,0.056066938,0.23326418,0.0532984733581543,-0.052049361169338226,0.37428343
0.15085655,0.0086771175,0.4531045,0.45024815,0.05716629,0.23293602,0.053929299116134644,-0.05291365087032318,0.37478083
0.15107863,0.009012492,0.45309207,0.45121446,0.05826564,0.23260787,0.055199988186359406,-0.05390021204948425,0.37566033
0.1515171,0.009373715,0.45271653,0.45218077,0.059364993,0.23227972,0.05585552006959915,-0.05475964397192001,0.37615177
0.15173772,0.009711317,0.4526756,0.45314708,0.060464345,0.23195156,0.057224735617637634,-0.05574394017457962,0.377018
0.15217476,0.010076069,0.45229217,0.4541134,0.061563697,0.23162341,0.057897426187992096,-0.05659808591008186,0.37750846
0.15239656,0.0104162665,0.45224187,0.4550797,0.06266305,0.23129526,0.059287868440151215,-0.057580649852752686,0.37837046
0.15283191,0.010784532,0.45185143,0.45604602,0.0637624,0.2309671,0.05997665971517563,-0.05842957645654678,0.37886056
0.15305427,0.01112734,0.45179394,0.45701233,0.064861745,0.23063895,0.06138540804386139,-0.05941028147935867,0.37972018
0.15348747,0.011498836,0.45139775,0.45797864,0.06596109,0.2303108,0.06208852678537369,-0.060254279524087906,0.38021106
0.15371001,0.011844195,0.4513341,0.45894495,0.06706044,0.22998264,0.0635143294930458,-0.0612330436706543,0.3810691
0.15414074,0.012219174,0.45093274,0.45991126,0.06815979,0.22965449,0.06423094868659973,-0.06207183375954628,0.3815613
0.15436295,0.012567088,0.45086414,0.46087757,0.06925914,0.22932634,0.0656721368432045,-0.06304891407489777,0.38241887
0.15479112,0.012945289,0.45045856,0.46184388,0.070358485,0.22899818,0.06640122830867767,-0.06388279050588608,0.382913
0.15501261,0.013295894,0.450386,0.4628102,0.07145783,0.22867003,0.06785596162080765,-0.06485779583454132,0.38377094
0.15543789,0.013677246,0.44997686,0.4637765,0.07255718,0.22834188,0.06859679520130157,-0.06568697094917297,0.38426763
0.15565838,0.014030422,0.449901,0.4647428,0.07365653,0.22801372,0.07006435841321945,-0.06665996462106705,0.3851265
0.15608095,0.014415103,0.44948858,0.46570912,0.07475588,0.22768557,0.07081636041402817,-0.06748417019844055,0.38562572
0.15630023,0.014770757,0.44941002,0.46667543,0.075855225,0.22735742,0.07229579985141754,-0.06845533102750778,0.38648602
0.15671968,0.015158679,0.44899455,0.46764174,0.07695457,0.22702926,0.07305848598480225,-0.06927468627691269,0.38698816
0.15693755,0.015516784,0.4489138,0.46860805,0.07805392,0.22670111,0.07454904913902283,-0.07024397701025009,0.3878503
0.15735401,0.015907789,0.44849542,0.46957436,0.07915327,0.22637296,0.07532261312007904,-0.07105841487646103,0.3883554
0.15757036,0.016268374,0.4484128,0.47054067,0.08025262,0.2260448,0.07682362198829651,-0.07202578336000443,0.38921964
0.15798354,0.016662594,0.4479918,0.47150698,0.081351966,0.22571665,0.07760749757289886,-0.07283541560173035,0.38972798
0.15819848,0.017025702,0.4479074,0.4724733,0.082451314,0.2253885,0.07911905646324158,-0.0738007202744484,0.39059418
0.15860839,0.017422937,0.44748384,0.4734396,0.08355066,0.22506034,0.07991296797990799,-0.0746055617928505,0.39110583
0.15882155,0.017788472,0.44739798,0.4744059,0.08465001,0.22473219,0.08143432438373566,-0.07556890696287155,0.3919745
0.15922828,0.01818879,0.44697216,0.47537223,0.08574936,0.22440404,0.08223798871040344,-0.07636876404285431,0.3924895
0.1594398,0.018556815,0.4468845,0.47633854,0.086848706,0.22407588,0.08376973867416382,-0.07733028382062912,0.39336023
0.15984301,0.018960219,0.4464566,0.47730485,0.087948054,0.22374773,0.08458298444747925,-0.07812507450580597,0.3938789
0.16005287,0.019330751,0.44636777,0.47827116,0.0890474,0.22341958,0.08612421154975891,-0.0790846198797226,0.39475206
0.1604527,0.019737134,0.4459374,0.47923747,0.09014675,0.22309142,0.08694739639759064,-0.07987454533576965,0.39527404
0.16066077,0.020109901,0.4458472,0.48020378,0.0912461,0.22276327,0.0884980708360672,-0.08083203434944153,0.39614964
0.16105703,0.020519374,0.4454149,0.4811701,0.09234545,0.22243512,0.08933045715093613,-0.08161720633506775,0.39667538
0.16126327,0.020894574,0.4453234,0.4821364,0.093444794,0.22210696,0.09089071303606033,-0.08257254958152771,0.39755338
0.16165613,0.02130697,0.44488928,0.4831027,0.09454414,0.22177881,0.09173202514648438,-0.0833527147769928,0.39808276
0.16186054,0.021684611,0.4447963,0.48406902,0.09564349,0.22145066,0.09330163896083832,-0.08430621027946472,0.39896303
0.16224973,0.022099866,0.4443604,0.48503533,0.09674284,0.2211225,0.09415193647146225,-0.08508148044347763,0.3994963
0.16245233,0.022479821,0.44426623,0.48600164,0.09784219,0.22079435,0.09573099762201309,-0.08603273332118988,0.400379
0.16283785,0.02289797,0.44382846,0.48696795,0.098941535,0.2204662,0.09659013152122498,-0.08680310845375061,0.400916
0.16303849,0.023280375,0.443733,0.48793426,0.10004088,0.22013804,0.09817831218242645,-0.08775227516889572,0.4018011
0.16342042,0.023701428,0.4432934,0.48890057,0.10114023,0.21980989,0.0990465059876442,-0.08851753175258636,0.40234187
0.16361919,0.02408615,0.4431971,0.48986688,0.10223958,0.21948174,0.10064329952001572,-0.0894647091627121,0.40322956
0.16399758,0.024510097,0.4427555,0.4908332,0.10333893,0.21915358,0.10152051597833633,-0.09022495895624161,0.40377384
0.16419414,0.02489703,0.44265813,0.4917995,0.104438275,0.21882543,0.10312597453594208,-0.09117014706134796,0.40466428
0.16456889,0.025323695,0.4422148,0.4927658,0.10553762,0.21849728,0.10401196777820587,-0.09192539751529694,0.4052123
0.16476361,0.025713159,0.4421161,0.49373212,0.10663697,0.21816912,0.10562647879123688,-0.09286823868751526,0.40610492
0.16513464,0.026142685,0.44167095,0.49469844,0.10773632,0.21784097,0.1065211147069931,-0.09361854195594788,0.4066567
0.16532725,0.026534284,0.44157133,0.49566475,0.10883567,0.21751282,0.10814421623945236,-0.09455905854701996,0.40755194
0.1656945,0.026966423,0.4411244,0.49663106,0.109935015,0.21718466,0.10904760658740997,-0.09530460834503174,0.40810758
0.1658852,0.027360443,0.44102365,0.49759737,0.11103436,0.21685651,0.11067921668291092,-0.0962430089712143,0.40900514
0.1662468,0.027794918,0.44058725,0.49856368,0.11213371,0.21652836,0.11157609522342682,-0.09698596596717834,0.40957284
0.16643247,0.02819071,0.44049737,0.49953,0.11323306,0.2162002,0.11320120096206665,-0.09792417287826538,0.41048187
0.16678332,0.028626498,0.4401076,0.50049627,0.11433241,0.21587205,0.11404571682214737,-0.09867389500141144,0.41108564
0.16695355,0.02902244,0.44007686,0.5014626,0.115431756,0.2155439,0.11560006439685822,-0.09961934387683868,0.41204113
0.16729076,0.029458907,0.4397557,0.5024289,0.116531104,0.21521574,0.11636412143707275,-0.10038216412067413,0.4126952
0.16744998,0.029855436,0.43983585,0.5033952,0.11763045,0.21488759,0.11768456548452377,-0.10134667158126831,0.41372135
0.16777438,0.030292971,0.439553,0.5043615,0.1187298,0.21455944,0.11840364336967468,-0.10211093723773956,0.4144081
0.1679304,0.030691292,0.4396655,0.5053278,0.11982915,0.21423128,0.11965513974428177,-0.1030806452035904,0.41545537
0.16824518,0.031130172,0.43942174,0.50629413,0.120928496,0.21390313,0.12032991647720337,-0.10385064780712128,0.4161724
0.16839777,0.031530052,0.43959066,0.50726044,0.122027844,0.21357498,0.12145262211561203,-0.10483067482709885,0.41725394
0.1687,0.031969503,0.43940327,0.50822675,0.12312719,0.21324682,0.12206035852432251,-0.10561040043830872,0.41801304
0.16884787,0.032370344,0.43964264,0.50919306,0.12422654,0.21291867,0.12302517145872116,-0.10660365223884583,0.41913742
0.16913594,0.032809697,0.43952608,0.5101594,0.12532589,0.21259052,0.12354699522256851,-0.10739761590957642,0.4199476
0.16927542,0.033211544,0.43982437,0.5111257,0.12642524,0.21226236,0.12440993636846542,-0.10840059816837311,0.42111146
0.16954929,0.03365061,0.43979436,0.512092,0.12752458,0.21193421,0.12482652068138123,-0.1092156171798706,0.42198116
0.16967863,0.034053095,0.44015133,0.5130583,0.12862393,0.21160606,0.12560200691223145,-0.11022765934467316,0.42318577
0.16993867,0.03449174,0.44021165,0.5140246,0.12972328,0.2112779,0.12590795755386353,-0.11106676608324051,0.42411652
0.17005911,0.034895234,0.4406203,0.5149909,0.13082263,0.21094975,0.1266060769557953,-0.11208653450012207,0.425357
0.17030591,0.035333287,0.4407734,0.51595724,0.13192198,0.2106216,0.12679745256900787,-0.1129513829946518,0.42634973
0.17041935,0.035738055,0.44122502,0.51692355,0.13302132,0.21029344,0.12742957472801208,-0.11397787928581238,0.4276197
0.17065294,0.036175538,0.44147202,0.51788986,0.13412067,0.20996529,0.12750393152236938,-0.1148701012134552,0.42867482
0.17076541,0.03658286,0.4419313,0.51885617,0.13522002,0.20963714,0.1281256228685379,-0.11589442193508148,0.4299501
0.17101942,0.03702765,0.44201225,0.5198225,0.13631937,0.20930898,0.12841585278511047,-0.1167411208152771,0.43089816
0.17113996,0.037437633,0.4424346,0.5207888,0.13741872,0.20898083,0.12909197807312012,-0.1177690178155899,0.4321472
0.17137758,0.037881043,0.44263503,0.5217551,0.13851807,0.20865268,0.1292322725057602,-0.11865014582872391,0.43317428
0.17149498,0.03829306,0.44310242,0.5227214,0.13961741,0.20832452,0.12981081008911133,-0.11968368291854858,0.43445057
0.17173167,0.038739134,0.44329587,0.5236877,0.14071676,0.20799637,0.12996253371238708,-0.1205625981092453,0.43547487
0.17185248,0.03915369,0.44377318,0.52465403,0.14181611,0.20766822,0.13049450516700745,-0.12160161137580872,0.43675402
0.1720828,0.03960091,0.4440034,0.52562034,0.14291546,0.20734006,0.13060103356838226,-0.1224910169839859,0.4378039
0.17220314,0.040017813,0.44447613,0.52658665,0.1440148,0.20701191,0.1311526894569397,-0.1235288605093956,0.43908122
0.17244262,0.040469963,0.4446242,0.52755296,0.14511415,0.20668375,0.13136881589889526,-0.12439480423927307,0.44007885
0.17256606,0.040889114,0.4450949,0.5285193,0.1462135,0.2063556,0.13191211223602295,-0.1254391372203827,0.4413529
0.17278582,0.04133869,0.44539538,0.5294856,0.14731285,0.20602745,0.13193285465240479,-0.12635187804698944,0.44245028
0.17290616,0.041760698,0.4458595,0.5304519,0.1484122,0.2056993,0.13251584768295288,-0.1273866444826126,0.44372338
0.17316346,0.04222278,0.44584084,0.5314182,0.14951155,0.20537114,0.13295584917068481,-0.12820236384868622,0.44461557
0.17329994,0.0426486,0.44623214,0.5323845,0.1506109,0.20504299,0.13363531231880188,-0.12923893332481384,0.44583607
0.17352903,0.043105915,0.4464391,0.5333508,0.15171024,0.20471483,0.13378474116325378,-0.13012373447418213,0.44687495
0.17365108,0.043532014,0.44690156,0.53431714,0.15280959,0.20438668,0.13436906039714813,-0.13116726279258728,0.44814622
0.17388324,0.04399291,0.4470731,0.53528345,0.15390894,0.20405853,0.13456788659095764,-0.1320415735244751,0.44916335
0.1740068,0.04442141,0.44753245,0.53624976,0.15500829,0.20373037,0.1351560652256012,-0.13308793306350708,0.45043185
0.17423122,0.04488293,0.44776008,0.53721607,0.15610763,0.20340222,0.1352839171886444,-0.13398070633411407,0.45148608
0.17435366,0.04531382,0.44821566,0.5381824,0.15720698,0.20307407,0.13589262962341309,-0.13502416014671326,0.4527536
0.17459004,0.045781486,0.44832906,0.5391487,0.15830633,0.20274591,0.13617420196533203,-0.13588036596775055,0.45373553
0.17471592,0.04621468,0.44878098,0.540115,0.15940568,0.20241776,0.136773943901062,-0.13693149387836456,0.45499834
0.17492907,0.046678368,0.44909,0.5410813,0.16050503,0.20208961,0.1368006467819214,-0.13785189390182495,0.4561065
0.17505218,0.0471146,0.44953582,0.5420476,0.16160437,0.20176145,0.13743464648723602,-0.138889878988266,0.45736822
0.17530562,0.04759284,0.4494725,0.54301393,0.16270372,0.2014333,0.13795748353004456,-0.1396872103214264,0.4582394
0.1754454,0.04803349,0.4498355,0.54398024,0.16380307,0.20110515,0.13870882987976074,-0.14072491228580475,0.4594424
0.17566694,0.048505075,0.4500491,0.54494655,0.16490242,0.200777,0.13886839151382446,-0.14161422848701477,0.46049145
0.17579024,0.048945602,0.45049345,0.54591286,0.16600177,0.20044884,0.13951291143894196,-0.142659991979599,0.4617523
0.17602062,0.049422666,0.4506131,0.5468792,0.16710111,0.20012069,0.13980063796043396,-0.14351744949817657,0.46274263
0.17614655,0.049865697,0.45105308,0.5478455,0.16820046,0.19979253,0.14044257998466492,-0.14456909894943237,0.463999
0.1763597,0.05034039,0.45132256,0.5488118,0.16929981,0.19946438,0.14053364098072052,-0.14547812938690186,0.46508542
0.17648342,0.050786205,0.45175815,0.5497781,0.17039916,0.19913623,0.14120343327522278,-0.14651986956596375,0.46634108
0.17672344,0.051271986,0.4517572,0.5507444,0.1714985,0.19880807,0.14165936410427094,-0.14733491837978363,0.46725726
0.1768562,0.051721007,0.45215794,0.5517107,0.17259786,0.19847992,0.14236602187156677,-0.1483837515115738,0.46848655
0.17706391,0.052199632,0.45245802,0.55267704,0.1736972,0.19815177,0.14242225885391235,-0.1493040919303894,0.46959403
0.1771891,0.052651152,0.45288494,0.55364335,0.17479655,0.19782361,0.1431078314781189,-0.15034224092960358,0.47084346
0.1774325,0.05314393,0.45281813,0.55460966,0.1758959,0.19749546,0.14366009831428528,-0.15113194286823273,0.47172058
0.17757058,0.05359929,0.45317808,0.55557597,0.17699525,0.1971673,0.14444267749786377,-0.15217268466949463,0.47292298
0.17778037,0.054084264,0.45343265,0.5565423,0.1780946,0.19683915,0.1445666402578354,-0.15307699143886566,0.47400352
0.17790452,0.05454032,0.45385656,0.5575086,0.17919394,0.196511,0.14527179300785065,-0.15411879122257233,0.47525206
0.17813659,0.055035345,0.45386934,0.5584749,0.18029329,0.19618285,0.14572486281394958,-0.15493489801883698,0.4761818
0.17826657,0.055493947,0.45427734,0.5594412,0.18139264,0.1958547,0.146436870098114,-0.15598757565021515,0.47741684
0.17846581,0.05598144,0.4546172,0.5604075,0.18249199,0.19552654,0.14645156264305115,-0.1569233536720276,0.47855234
0.17859577,0.05644498,0.4550008,0.56137383,0.18359134,0.19519839,0.14722147583961487,-0.15794485807418823,0.4797734
0.17884286,0.05695099,0.45483544,0.56234014,0.18469068,0.19487023,0.14792482554912567,-0.1586940735578537,0.48059288
0.17898807,0.05741859,0.45512992,0.56330645,0.18579003,0.19454208,0.1488349437713623,-0.15971936285495758,0.4817529
0.17919745,0.05791525,0.45533353,0.56427276,0.18688938,0.19421393,0.14904138445854187,-0.16060365736484528,0.48280513
0.17932111,0.0583812,0.4557478,0.5652391,0.18798873,0.19388577,0.14978092908859253,-0.16164742410182953,0.48404807
0.17953885,0.05888355,0.45583954,0.5662054,0.18908808,0.19355762,0.1501428633928299,-0.16248899698257446,0.485032
0.17966487,0.05935199,0.45624745,0.5671717,0.19018742,0.19322947,0.15088561177253723,-0.16353842616081238,0.48626938
0.1798675,0.059852343,0.45649296,0.568138,0.19128677,0.19290131,0.15104132890701294,-0.16443826258182526,0.4873495
0.17999172,0.060323894,0.45689783,0.5691043,0.19238612,0.19257316,0.15180131793022156,-0.1654767394065857,0.4885863
0.1802136,0.060833775,0.45690426,0.5700706,0.19348547,0.192245,0.15228673815727234,-0.1662839949131012,0.48951966
0.1803421,0.06130779,0.4572972,0.57103693,0.19458482,0.19191685,0.15305235981941223,-0.16733379662036896,0.49074635
0.18053517,0.06181067,0.45762262,0.57200325,0.19568416,0.1915887,0.15310527384281158,-0.16826501488685608,0.49187744
0.18066551,0.06229074,0.45797774,0.57296956,0.19678351,0.19126055,0.15394680202007294,-0.16927728056907654,0.49308097
0.1809003,0.062811084,0.45782214,0.57393587,0.19788286,0.1909324,0.1546633541584015,-0.1700202077627182,0.49391443
0.18103977,0.06329352,0.45812878,0.5749022,0.19898221,0.19060424,0.15557879209518433,-0.17104792594909668,0.49508426
0.1812358,0.063803576,0.45838273,0.5758685,0.20008156,0.19027609,0.15573659539222717,-0.17194992303848267,0.49617317
0.18135947,0.06428604,0.45877427,0.5768348,0.2011809,0.18994793,0.15653303265571594,-0.17298290133476257,0.49740177
0.18157527,0.06480629,0.4587622,0.5778011,0.20228025,0.18961978,0.15705987811088562,-0.17377741634845734,0.49832886
0.18170282,0.065291084,0.4591413,0.5787674,0.2033796,0.18929163,0.15786665678024292,-0.17482301592826843,0.4995474
0.18189037,0.0658042,0.45946544,0.5797337,0.20447895,0.18896347,0.15793395042419434,-0.1757531762123108,0.50068086
0.18202218,0.066296026,0.45980307,0.58070004,0.2055783,0.18863532,0.15880243480205536,-0.17675623297691345,0.501872
0.18224579,0.06682501,0.45970607,0.58166635,0.20667765,0.18830717,0.15945693850517273,-0.177516371011734,0.5027454
0.18237568,0.06731604,0.46005982,0.58263266,0.207777,0.18797901,0.16031011939048767,-0.17855635285377502,0.5039473
0.18255948,0.06783381,0.46039596,0.583599,0.20887634,0.18765086,0.1603672355413437,-0.17949111759662628,0.50508964
0.18269554,0.0683331,0.46072027,0.5845653,0.20997569,0.1873227,0.16122770309448242,-0.18048471212387085,0.50626886
0.18291229,0.068865985,0.46070507,0.5855316,0.21107504,0.18699455,0.16177895665168762,-0.1812765747308731,0.5071914
0.18303616,0.06936105,0.46108302,0.5864979,0.21217439,0.1866664,0.16260991990566254,-0.18231964111328125,0.50841075
0.18321972,0.06988505,0.46137893,0.5874642,0.21327373,0.18633825,0.16272872686386108,-0.18323710560798645,0.5095305
0.18334544,0.07038593,0.46171296,0.5884305,0.21437308,0.18601009,0.16365057229995728,-0.18424081802368164,0.5107233
0.18355903,0.07092437,0.46160236,0.58939683,0.21547243,0.18568194,0.16433927416801453,-0.18498700857162476,0.5115961
0.18368754,0.07142647,0.4619406,0.59036314,0.21657178,0.18535379,0.1652359962463379,-0.18602074682712555,0.5127889
0.18386555,0.07195468,0.4622727,0.59132946,0.21767113,0.18502563,0.16531114280223846,-0.18695256114006042,0.513932
0.18400057,0.07246544,0.46258497,0.59229577,0.21877047,0.18469748,0.16619452834129333,-0.18793830275535583,0.51510346
0.18420807,0.07300787,0.46260706,0.5932621,0.21986982,0.18436933,0.1667100191116333,-0.18874067068099976,0.5160522
0.1843277,0.07351348,0.46298108,0.5942284,0.22096917,0.18404117,0.1675725281238556,-0.18977807462215424,0.5172709
0.1845086,0.074049175,0.46322095,0.5951947,0.22206852,0.18371302,0.16778263449668884,-0.1906690150499344,0.5183604
0.18462706,0.074558705,0.46357048,0.596161,0.22316787,0.18338487,0.16871127486228943,-0.19168314337730408,0.519566
0.1848241,0.07510398,0.46354938,0.5971273,0.22426721,0.18305671,0.16929039359092712,-0.19245940446853638,0.5204995
0.18494563,0.07561588,0.4639002,0.5980936,0.22536656,0.18272856,0.170193150639534,-0.19349128007888794,0.521703
0.18512064,0.07615583,0.46417734,0.59905994,0.22646591,0.1824004,0.17035801708698273,-0.19439709186553955,0.5228165
0.18524095,0.076672375,0.4645004,0.60002625,0.22756526,0.18207225,0.1713307499885559,-0.1953943371772766,0.5240049
0.18543877,0.077224284,0.46442226,0.60099256,0.2286646,0.1817441,0.17199838161468506,-0.19614335894584656,0.5249058
0.18556057,0.07774211,0.46476027,0.6019589,0.22976395,0.18141595,0.17292608320713043,-0.19717121124267578,0.52610093
0.18573001,0.07828609,0.46507472,0.6029252,0.2308633,0.18108779,0.17304471135139465,-0.1980929970741272,0.52723825
0.1858578,0.07881236,0.4653785,0.6038915,0.23196265,0.18075964,0.1739831268787384,-0.19907261431217194,0.52840805
0.18605164,0.07936948,0.46540007,0.6048578,0.233062,0.18043149,0.17452171444892883,-0.19986484944820404,0.52936476
0.1861668,0.07989156,0.4657592,0.6058241,0.23416135,0.18010333,0.17543567717075348,-0.20089274644851685,0.5305758
0.18633759,0.08044264,0.46598306,0.6067904,0.2352607,0.17977518,0.17568831145763397,-0.2017718255519867,0.5316617
0.18645084,0.08096825,0.46632424,0.60775673,0.23636004,0.17944703,0.176657035946846,-0.20277920365333557,0.5328638
0.18663283,0.08152751,0.46632913,0.60872304,0.23745939,0.17911887,0.17722316086292267,-0.20355689525604248,0.5338208
0.1867484,0.082055576,0.46666962,0.60968935,0.23855874,0.17879072,0.17817460000514984,-0.20457839965820312,0.5350202
0.18691464,0.08261142,0.4669087,0.61065567,0.23965809,0.17846256,0.17841236293315887,-0.20546260476112366,0.5361169
0.1870265,0.083142795,0.4672393,0.611622,0.24075744,0.17813441,0.17940863966941833,-0.2064620852470398,0.53731304
0.18720534,0.08370711,0.46723026,0.6125883,0.24185678,0.17780626,0.1800021082162857,-0.20723052322864532,0.5382641
0.18731922,0.08424091,0.4675649,0.6135546,0.24295613,0.1774781,0.1809714436531067,-0.20824794471263885,0.53946036
0.18748134,0.0848018,0.46781155,0.6145209,0.24405548,0.17714995,0.18120542168617249,-0.20913386344909668,0.54056334
0.18759154,0.08533883,0.46813715,0.6154872,0.24515483,0.1768218,0.18221619725227356,-0.21012841165065765,0.54175687
0.1877662,0.08590818,0.46812353,0.6164535,0.24625418,0.17649364,0.18282414972782135,-0.21089090406894684,0.54270774
0.18787804,0.08644744,0.4684537,0.61741984,0.24735352,0.17616549,0.1838093400001526,-0.21190476417541504,0.5439019
0.18803589,0.087013215,0.46870393,0.61838615,0.24845287,0.17583734,0.18404501676559448,-0.21279039978981018,0.5450091
0.18814391,0.087555796,0.4690272,0.61935246,0.24955222,0.17550918,0.1850658357143402,-0.21378137171268463,0.5462019
0.18831375,0.08813004,0.46901456,0.6203188,0.25065157,0.17518103,0.18568013608455658,-0.21454066038131714,0.54715604
0.18842317,0.08867458,0.46934178,0.6212851,0.25175092,0.17485288,0.18667949736118317,-0.21555094420909882,0.5483494
0.18857718,0.08924551,0.46959275,0.6222514,0.25285026,0.17452472,0.18692047894001007,-0.21643483638763428,0.5494588
0.18868273,0.08979343,0.469916,0.6232177,0.2539496,0.17419657,0.18794769048690796,-0.21742357313632965,0.5506522
0.18884721,0.09037222,0.4699104,0.624184,0.25504896,0.17386842,0.18855944275856018,-0.21818238496780396,0.55161345
0.18895403,0.090922385,0.4702357,0.6251503,0.2561483,0.17354026,0.18957096338272095,-0.2191890925168991,0.5528065
0.18910407,0.09149839,0.4704845,0.62611663,0.25724766,0.17321211,0.1898222118616104,-0.22006988525390625,0.5539167
0.18920693,0.09205176,0.47080928,0.62708294,0.258347,0.17288396,0.19085334241390228,-0.22105726599693298,0.5551117
0.18936592,0.09263486,0.47081634,0.62804925,0.25944635,0.1725558,0.19145455956459045,-0.22181840240955353,0.55608314
0.1894698,0.09319043,0.47114104,0.62901556,0.2605457,0.17222765,0.19247616827487946,-0.22282180190086365,0.55727684
0.18961583,0.09377152,0.47138593,0.6299819,0.26164505,0.1718995,0.1927395910024643,-0.22369849681854248,0.55838686
0.18971564,0.09433003,0.47171253,0.6309482,0.2627444,0.17157134,0.19377624988555908,-0.22468465566635132,0.5595841
0.18986906,0.09491775,0.47173283,0.6319145,0.26384374,0.17124319,0.19436582922935486,-0.22544865310192108,0.56056595
0.1899698,0.095478624,0.47205806,0.6328808,0.2649431,0.17091504,0.19539563357830048,-0.22644907236099243,0.5617611
0.19011173,0.09606479,0.47229987,0.6338471,0.26604244,0.17058688,0.19567009806632996,-0.2273220717906952,0.5628714
0.19020827,0.0966285,0.47262827,0.6348134,0.2671418,0.17025873,0.19671331346035004,-0.22830697894096375,0.5640708
0.19035645,0.097220674,0.47265983,0.63577974,0.26824114,0.16993058,0.1972941756248474,-0.22907304763793945,0.56506187
0.19045421,0.0977871,0.4729848,0.63674605,0.2693405,0.16960242,0.19833339750766754,-0.23006971180438995,0.5662578
0.19059186,0.09837824,0.47322667,0.63771236,0.27043983,0.16927427,0.19861416518688202,-0.2309407889842987,0.56737024
0.19068545,0.09894735,0.47355643,0.63867867,0.27153918,0.16894612,0.19966082274913788,-0.23192375898361206,0.56857127
0.19082822,0.099544175,0.4735985,0.639645,0.27263853,0.16861796,0.20023374259471893,-0.2326914370059967,0.56957114
0.19092265,0.10011593,0.4739232,0.6406113,0.27373788,0.16828981,0.20128248631954193,-0.23368489742279053,0.5707681
0.19105585,0.10071212,0.47416544,0.6415776,0.27483723,0.16796166,0.20156928896903992,-0.23455367982387543,0.571883
0.19114627,0.10128656,0.47449663,0.6425439,0.27593657,0.1676335,0.2026185244321823,-0.23553475737571716,0.5730859
0.19128357,0.10188794,0.474551,0.6435102,0.27703592,0.16730535,0.20318107306957245,-0.23630522191524506,0.5740955
0.19137469,0.102465145,0.47487625,0.64447653,0.27813527,0.1669772,0.2042379081249237,-0.23729529976844788,0.57529396
0.19150342,0.10306619,0.47511813,0.64544284,0.27923462,0.16664904,0.20453156530857086,-0.23816192150115967,0.5764109
0.19159082,0.10364623,0.4754509,0.64640915,0.28033397,0.16632089,0.20558318495750427,-0.23914125561714172,0.5776155
0.19172248,0.104252085,0.4755187,0.64737546,0.2814333,0.16599274,0.20613303780555725,-0.23991505801677704,0.57863563
0.19181013,0.104834504,0.47584435,0.6483418,0.28253266,0.16566458,0.20719775557518005,-0.24090194702148438,0.57983553
0.19193429,0.10544086,0.47608468,0.6493081,0.283632,0.16533643,0.20750030875205994,-0.2417651116847992,0.58095384
0.19201843,0.10602611,0.47641963,0.6502744,0.28473136,0.16500828,0.20855243504047394,-0.24274314939975739,0.5821607
0.1921448,0.10663662,0.47650123,0.6512407,0.2858307,0.16468012,0.20908959209918976,-0.24352051317691803,0.5831912
0.19222885,0.107224435,0.47682777,0.652207,0.28693005,0.16435197,0.21016058325767517,-0.24450430274009705,0.58439296
0.19234836,0.10783572,0.47706586,0.6531733,0.2880294,0.16402382,0.21047264337539673,-0.2453640103340149,0.5855124
0.19242932,0.10842638,0.47740263,0.65413964,0.28912875,0.16369566,0.21152687072753906,-0.24634023010730743,0.5867213
0.19254991,0.10904129,0.47749883,0.65510595,0.2902281,0.16336751,0.21204914152622223,-0.24712231755256653,0.5877629
0.19263038,0.10963459,0.4778261,0.65607226,0.29132745,0.16303936,0.21312649548053741,-0.24810242652893066,0.58896637
0.19274531,0.11025086,0.47806165,0.65703857,0.2924268,0.1627112,0.2134484350681305,-0.2489582598209381,0.5900866
0.19282275,0.11084696,0.4783998,0.6580049,0.29352614,0.16238305,0.21450446546077728,-0.2499329000711441,0.59129745
0.19293782,0.111466475,0.47851065,0.6589712,0.2946255,0.1620549,0.21501201391220093,-0.25071948766708374,0.59235007
0.19301462,0.112065114,0.47883838,0.6599375,0.29572484,0.16172674,0.2160959541797638,-0.2516959309577942,0.5935551
0.19312462,0.112686336,0.47907117,0.6609038,0.2968242,0.16139859,0.21642857789993286,-0.2525479197502136,0.5946764
0.19319876,0.11328795,0.4794111,0.6618701,0.29792354,0.16107044,0.21748550236225128,-0.2535206079483032,0.5958892
0.1933081,0.11391222,0.47953653,0.66283643,0.29902288,0.16074228,0.21797849237918854,-0.25431182980537415,0.59695274
0.19338109,0.114516236,0.47986498,0.66380274,0.30012223,0.16041413,0.21906833350658417,-0.25528475642204285,0.5981597
0.19348618,0.115142405,0.4800942,0.66476905,0.30122158,0.16008598,0.2194121927022934,-0.25613224506378174,0.5992815
0.19355662,0.115749516,0.4804346,0.66573536,0.30232093,0.15975782,0.22047477960586548,-0.2571026682853699,0.6004959
0.19366047,0.11637826,0.48057425,0.6667017,0.30342028,0.15942967,0.22095341980457306,-0.25789859890937805,0.60157007
0.1937296,0.11698775,0.48090425,0.667668,0.30451962,0.15910152,0.22204765677452087,-0.25886839628219604,0.60277927
0.19382964,0.11761878,0.4811323,0.6686343,0.30561897,0.15877336,0.22239957749843597,-0.25971269607543945,0.603903
0.19389644,0.11823124,0.48147282,0.6696006,0.30671832,0.15844521,0.2234678715467453,-0.26068031787872314,0.60511875
0.19399469,0.11886482,0.4816244,0.6705669,0.30781767,0.15811706,0.22393548488616943,-0.261479914188385,0.6062023
0.1940599,0.11947971,0.481955,0.6715332,0.30891702,0.1577889,0.22503463923931122,-0.26244616508483887,0.6074133
0.19415484,0.12011567,0.48218125,0.67249954,0.31001636,0.15746075,0.22539514303207397,-0.2632867395877838,0.6085387
0.19421783,0.120733485,0.48252177,0.67346585,0.3111157,0.1571326,0.22646918892860413,-0.2642515301704407,0.6097558
0.19431067,0.12137189,0.48268518,0.67443216,0.31221506,0.15680444,0.2269260138273239,-0.26505470275878906,0.6108486
0.19437197,0.12199228,0.48301646,0.67539847,0.3133144,0.15647629,0.22802968323230743,-0.2660170793533325,0.6120614
0.1944618,0.12263294,0.48324203,0.6763648,0.31441376,0.15614814,0.22839729487895966,-0.26685500144958496,0.61318904
0.19452071,0.12325631,0.48358184,0.6773311,0.3155131,0.15581998,0.2294795662164688,-0.26781603693962097,0.6144073
0.19460829,0.12389938,0.48375574,0.6782974,0.31661245,0.15549183,0.2299269139766693,-0.2686223089694977,0.6155085
0.1946654,0.1245252,0.48408797,0.6792637,0.3177118,0.15516368,0.23103481531143188,-0.26958149671554565,0.6167234
0.19474997,0.12517084,0.48431307,0.68023,0.31881115,0.15483552,0.23140951991081238,-0.2704159617424011,0.61785346
